X,Y,STAGE,PLOT,SAMPLEID,Ep05,Ep05,Ep25,Ep25,Ep08,Ep08,Ep03,Ep03,EPR36,EPR36,EPR32,EPR32,EPR35,EPR35,EPR02,EPR02,EPR06,EPR06
0.9,99.6,ADULT,LA,3540,136,136,221,221,196,196,270,270,,,230,230,222,222,265,267,237,237
1.1,27.1,ADULT,RA,1774,130,130,221,221,194,196,265,271,,,,,210,222,,,236,236
8.06,34.1,ADULT,RA,T2,130,136,221,221,196,196,265,271,,,230,231,222,222,265,265,231,234
9,111.7,ADULT,TRC,3749,114,130,221,221,196,196,265,265,,,230,230,222,222,265,265,234,236
11.9,106.3,ADULT,RA,1684,130,130,221,221,196,198,265,265,,,227,230,210,210,,,234,234
12.65,51.7,SEEDLING,TRC,P62,130,134,221,221,196,196,265,265,152,164,228,230,222,222,265,265,231,237
16,124,ADULT,TRC,2251,114,114,221,221,196,196,265,265,150,150,230,230,222,222,265,265,237,237
17,1.22,ADULT,RA,1780,130,130,221,221,,,265,265,,,,,,,,,234,234
17.7,86.3,ADULT,RA,1716,130,136,221,221,196,196,265,265,,,230,231,222,222,265,265,231,236
19.1,55.6,SEEDLING,TRC,P36,114,114,221,221,196,196,265,270,150,160,230,230,222,222,265,265,234,236
20.5,192.1,ADULT,RA,1562,114,136,221,221,196,207,265,271,,,230,230,210,222,,,236,236
22.4,190.4,ADULT,RA,1561,136,136,221,221,196,196,265,270,,,230,230,210,222,,,236,236
24,63.7,ADULT,LA,3609,130,136,221,221,196,198,265,270,152,152,230,230,222,222,,,237,237
24.57,134.3,SEEDLING,LA,104,114,130,221,221,196,198,265,265,160,164,230,230,222,222,265,279,236,237
25.03,80.76,SEEDLING,TRC,15,114,114,221,221,190,196,265,265,150,160,230,230,222,222,236,265,236,236
25.3,199.7,ADULT,LA,3348,114,130,221,221,194,196,265,265,160,160,230,230,222,222,265,265,231,237
25.3,121.85,SEEDLING,TRC,33,114,136,221,221,196,196,265,270,150,152,230,230,222,222,,,231,236
25.55,79.99,SEEDLING,TRC,19,114,114,221,221,190,190,265,265,152,152,228,230,222,222,265,265,236,236
25.65,118.33,SEEDLING,LA,34R,114,114,221,221,196,196,265,265,160,162,230,230,222,222,265,265,231,237
25.78,124.25,SEEDLING,LA,35R,114,130,221,221,196,198,265,270,,,230,230,222,222,265,265,237,237
26.12,126.29,SEEDLING,LA,31R,130,130,221,221,196,198,270,270,162,162,230,231,222,222,265,265,236,236
26.2,11.9,ADULT,RA,RF173,130,134,221,221,194,196,265,265,,,230,232,210,222,,,231,236
26.3,60.5,SEEDLING,RA,w110,114,130,221,221,196,196,265,265,152,160,230,230,222,222,265,265,231,234
26.9,80.86,SEEDLING,TRC,11,114,114,221,221,190,196,265,265,152,152,230,230,222,222,265,265,236,236
27,36.4,SEEDLING,RA,W121,114,136,221,221,196,196,265,265,152,152,230,231,210,222,265,265,236,237
27.3,140.2,ADULT,RA,RF302,136,136,221,221,196,196,265,265,,,230,231,210,222,265,265,234,234
27.99,113.25,SEEDLING,LA,96,114,130,221,221,196,198,265,270,160,162,230,230,222,222,265,265,234,236
28,185,ADULT,LA,3945,114,130,221,221,196,196,265,270,152,152,230,230,222,222,265,265,231,236
28.1,127.95,SEEDLING,LA,32R,130,136,221,221,196,196,265,270,160,162,230,231,222,222,265,279,236,237
28.11,132.6,SEEDLING,LA,41R,114,136,219,221,190,196,265,265,160,164,230,230,222,222,265,265,231,237
29.43,140.44,SEEDLING,LA,40R,130,136,221,221,196,196,265,265,152,152,230,231,222,222,265,271,236,237
29.91,108.32,SEEDLING,TRC,27E,114,130,221,221,190,196,265,265,152,160,228,230,222,222,265,265,236,236
30,173,SEEDLING,RA,w71,130,130,221,221,196,196,265,265,150,164,230,230,222,222,265,265,237,237
30.2,67,SEEDLING,RA,W111,114,130,221,221,196,196,265,270,152,152,228,230,210,222,265,267,231,236
30.5,195.2,ADULT,LA,3346,114,130,219,221,190,198,265,265,,,230,230,222,222,265,265,231,234
30.6,141.6,ADULT,RA,RF306,130,136,221,221,196,196,265,265,,,231,232,210,222,265,265,236,236
30.7,105.3,SEEDLING,RA,W177,,,,,,,,,,,230,230,210,222,,,231,234
30.82,160.32,SEEDLING,LA,43R,114,130,221,221,196,196,265,265,152,164,230,230,222,222,265,265,231,236
31.44,139.89,SEEDLING,LA,101,130,130,221,221,196,196,270,271,160,160,230,230,210,222,265,265,231,236
31.54,86.17,ADULT,LA,91,114,136,,,194,196,270,270,,,230,230,222,222,,,231,231
32.69,72.36,SEEDLING,LA,86,130,130,221,221,196,200,265,270,152,152,230,230,222,222,,,234,237
32.8,162.6,SEEDLING,RA,W67,130,130,221,221,190,196,265,271,160,160,227,230,210,222,265,265,236,236
33,162.3,SEEDLING,RA,W74,130,130,221,221,198,207,265,265,160,160,230,230,210,222,,,236,236
33.22,161.84,SEEDLING,TRC,42E,114,134,221,221,196,196,265,265,150,160,230,230,222,222,265,265,231,231
33.49,91.96,SEEDLING,TRC,25,130,136,221,221,196,196,265,265,160,160,230,230,222,222,265,265,231,237
33.6,72.8,SEEDLING,RA,w114,114,114,221,221,196,196,265,265,150,152,230,230,222,222,265,265,236,237
33.65,86.71,SEEDLING,TRC,26,114,130,221,221,196,196,265,265,160,164,230,230,222,222,265,265,236,237
33.7,46.5,SEEDLING,RA,W124,130,130,221,221,196,196,265,265,,,230,231,222,222,265,271,231,234
33.97,92.25,SEEDLING,TRC,29,130,136,221,221,196,196,265,265,150,152,230,230,222,222,265,265,231,240
34.1,108.57,SEEDLING,LA,36R,114,130,221,221,196,196,265,271,152,164,230,230,210,210,265,267,231,236
34.3,122.5,SEEDLING,LA,33R,130,130,221,221,196,198,265,270,148,162,230,230,222,222,265,265,234,236
34.82,106.7,SEEDLING,TRC,29E,114,114,221,221,196,196,265,265,150,152,230,230,222,222,265,265,236,237
34.83,161.26,SEEDLING,LA,108,130,136,219,221,190,198,265,270,160,164,230,230,222,222,265,265,234,237
35.3,126.83,ADULT,LA,2622,130,130,221,221,196,198,265,270,,,230,230,222,222,265,265,236,236
35.33,94.46,SEEDLING,TRC,18E,130,136,221,221,196,196,265,271,152,152,230,230,222,222,265,267,234,240
35.37,39.34,SEEDLING,TRC,157,130,130,221,221,196,196,265,270,154,160,230,230,210,222,265,265,231,231
35.71,86.57,SEEDLING,TRC,16E,114,130,221,221,196,196,265,265,150,160,230,230,222,222,265,265,237,237
35.96,127.58,SEEDLING,LA,100,114,130,221,221,196,198,265,270,160,162,230,230,222,222,265,265,231,234
36,167.6,SEEDLING,RA,w73,114,114,221,221,196,196,265,265,160,164,230,230,222,222,265,265,231,236
36.49,96.21,SEEDLING,TRC,19E,114,134,221,221,192,196,265,265,150,160,230,230,222,222,265,265,237,237
37.2,113.5,SEEDLING,RA,F97,,,,,176,176,,,,,,,,,,,181,181
37.39,54.75,SEEDLING,LA,26R,130,130,221,221,194,198,265,265,152,164,230,230,222,222,265,279,237,237
37.52,93.16,SEEDLING,TRC,15E,114,136,221,221,196,196,265,270,160,162,230,230,222,222,265,265,237,237
37.62,106.24,SEEDLING,TRC,32E,114,130,221,221,190,196,265,265,152,160,230,230,222,222,265,265,231,237
37.85,140.45,SEEDLING,LA,39R,114,136,221,221,196,196,265,270,160,164,230,230,222,222,265,279,231,231
38,128.4,SEEDLING,RA,W88,130,130,221,221,196,196,265,265,152,160,230,230,222,222,265,265,234,236
38.05,145.07,SEEDLING,TRC,34E,114,130,221,221,196,196,265,273,160,160,230,230,222,222,265,265,231,231
38.18,170.85,SEEDLING,LA,106,,,,,176,176,,,,,230,230,222,222,239,241,181,183
38.7,32.5,ADULT,TRC,2209,130,130,221,221,196,196,265,265,,,230,230,222,222,265,265,231,231
39,73.4,SEEDLING,RA,w116,130,130,221,221,196,196,265,265,152,160,228,230,222,222,265,265,237,237
39.12,72.38,SEEDLING,LA,85,130,130,221,221,196,196,265,265,152,164,230,230,222,222,265,265,231,237
39.24,32.07,SEEDLING,TRC,156,114,130,221,221,196,196,265,265,150,160,228,228,222,222,265,265,231,236
39.4,133.7,SEEDLING,RA,W87,114,130,221,221,196,196,265,265,148,160,227,230,222,222,265,265,234,236
39.55,88.29,SEEDLING,TRC,23E,130,130,221,221,196,196,265,265,150,160,230,230,222,222,265,265,231,237
39.76,127.45,SEEDLING,LA,99,130,130,219,221,196,198,265,270,152,160,230,230,222,222,265,265,231,236
40,135.5,SEEDLING,RA,W98,114,114,,,176,176,,,,,,,,,,,181,181
40,123.4,SEEDLING,RA,W95,,,221,221,176,176,,,,,,,,,239,241,181,181
40,162,SEEDLING,RA,W77,130,130,221,221,196,196,271,273,152,152,230,231,222,222,267,272,234,236
40.1,61.1,ADULT,RA,RF229,130,130,221,221,196,196,265,265,,,230,230,222,222,,,234,240
40.57,138,SEEDLING,TRC,41,130,130,221,221,194,196,265,265,150,152,228,230,222,222,265,265,231,231
41.4,67,SEEDLING,RA,F118,130,134,221,221,196,196,265,270,150,160,230,230,222,222,265,265,237,237
41.5,132,SEEDLING,RA,W91,130,130,221,221,196,196,265,265,152,152,230,231,222,222,265,265,234,236
42,191,ADULT,LA,3336,136,136,221,221,194,196,265,270,152,160,230,230,222,222,265,265,236,237
42.7,101.3,SEEDLING,RA,F99,114,130,221,221,196,196,265,270,148,152,230,230,222,222,265,267,236,236
43.3,62.4,SEEDLING,RA,F119,,,,,,,,,,,,,222,222,,,,
43.35,48.28,SEEDLING,TRC,149,130,130,221,221,190,196,265,265,150,150,230,230,222,222,,,234,236
43.4,150,SEEDLING,TRC,P33,114,130,221,221,196,196,265,265,160,160,230,230,222,222,265,265,236,237
44.37,147.48,SEEDLING,TRC,38E,130,134,221,221,196,196,265,265,160,160,228,230,222,222,265,265,231,237
44.47,165.81,SEEDLING,TRC,45E,130,130,221,221,196,196,265,265,148,152,230,230,222,222,267,267,236,236
44.88,146.08,SEEDLING,TRC,46,114,130,221,221,190,192,265,270,150,150,228,228,222,222,265,265,231,237
45,6.3,SEEDLING,LA,R65,136,136,221,221,190,196,265,270,160,164,230,230,222,222,265,265,231,231
45,33,SEEDLING,RA,W122,134,134,221,221,194,194,265,265,152,160,231,232,222,222,265,265,231,236
45.5,130,SEEDLING,RA,w90,114,130,221,221,190,196,265,265,160,164,230,230,222,222,265,265,231,231
45.52,82.04,SEEDLING,LA,90,130,130,221,221,196,198,265,265,162,164,228,230,222,222,265,265,234,236
46.16,126.97,SEEDLING,LA,98,114,130,221,221,192,192,265,270,150,160,228,230,222,222,265,265,231,237
46.77,154.88,SEEDLING,TRC,51,114,134,221,221,196,196,265,265,150,150,230,230,222,222,265,265,237,237
47.92,77.32,SEEDLING,LA,88,114,130,221,221,190,198,265,270,160,164,230,230,222,222,265,279,237,237
47.97,101.97,SEEDLING,LA,92,114,130,221,221,194,196,265,273,160,160,230,230,222,222,,,231,237
48,142,SEEDLING,RA,W84,114,114,221,221,190,196,265,265,148,152,230,230,222,222,265,265,234,236
48,85.5,SEEDLING,RA,w103,130,130,221,221,196,196,265,265,150,150,230,230,222,222,265,265,237,237
49.21,168.86,SEEDLING,LA,105,130,130,221,221,196,198,270,273,150,152,228,230,222,222,265,265,231,236
49.7,74.5,ADULT,TRC,2042,130,134,221,221,196,196,265,270,150,152,228,230,222,222,265,265,234,236
49.79,62.69,SEEDLING,LA,83,130,136,221,221,196,196,270,270,160,160,230,230,222,222,265,267,231,234
50,32,SEEDLING,RA,W125,130,130,221,221,196,198,265,271,148,160,230,230,210,222,265,271,234,242
50.4,122.5,SEEDLING,TRC,y78,130,136,221,221,196,196,265,270,148,152,230,230,222,222,265,265,231,234
51.03,108.63,SEEDLING,LA,29,136,136,221,221,190,190,265,265,160,160,228,228,222,222,267,267,237,237
51.18,67.89,SEEDLING,TRC,09E,130,130,221,221,196,196,265,265,150,160,228,230,222,222,265,265,237,237
51.19,67.89,ADULT,TRC,275,114,130,221,221,196,196,265,265,,,230,230,222,222,265,265,236,237
51.2,49,SEEDLING,RA,R22,130,130,221,221,196,198,265,271,152,160,230,231,210,210,265,265,231,234
52,195.5,ADULT,LA,135,114,130,221,221,196,200,265,270,,,230,230,222,222,265,265,231,236
52.08,118.21,SEEDLING,TRC,31,114,130,221,221,196,196,265,265,152,152,230,230,222,222,265,265,231,236
52.13,151.02,SEEDLING,TRC,62,130,130,221,221,196,196,270,273,150,160,230,230,222,222,265,265,231,236
53,92.7,SEEDLING,LA,R55,114,136,221,221,196,196,265,265,158,162,230,230,222,222,265,265,236,236
53.5,146.55,SEEDLING,TRC,Y54,114,114,221,221,196,196,270,273,150,152,230,230,222,222,,,231,237
54.4,95.95,SEEDLING,LA,R90,114,136,221,221,196,196,265,270,160,160,230,230,222,222,265,265,237,237
54.5,79.7,SEEDLING,LA,R60,130,136,221,221,196,196,270,270,160,160,230,230,222,222,265,265,231,237
54.92,168.7,SEEDLING,LA,110,130,136,221,221,196,196,265,270,160,160,230,230,222,222,265,265,231,231
55.3,153.7,SEEDLING,RA,W47,130,130,221,221,196,196,265,265,148,160,230,230,210,222,265,265,231,236
55.65,106.7,SEEDLING,TRC,Y69,114,114,221,221,192,196,265,273,152,160,230,230,222,222,265,265,236,237
55.87,172.9,SEEDLING,TRC,59,114,130,221,221,196,196,265,265,150,160,228,230,222,222,265,265,231,237
56.3,45,SEEDLING,RA,R73,114,130,221,221,196,196,265,265,152,160,230,231,222,222,265,265,234,236
56.5,87.1,SEEDLING,TRC,Y11,114,130,221,221,196,196,265,265,150,160,230,230,222,222,265,265,231,237
56.58,177,SEEDLING,TRC,60,114,130,221,221,192,196,265,265,150,150,230,230,222,222,265,265,231,231
57.3,154,SEEDLING,RA,W69,130,130,221,221,196,196,265,265,152,152,230,231,210,210,,,231,236
57.58,147.3,SEEDLING,TRC,Y37,130,130,221,221,190,196,265,265,152,160,228,230,222,222,265,265,236,237
57.65,61.1,SEEDLING,LA,R98,130,130,221,221,190,198,265,265,160,164,230,230,222,222,265,265,237,237
57.7,82.95,SEEDLING,LA,r33,114,136,221,221,190,196,265,270,,,230,230,222,222,265,265,231,231
57.9,127,SEEDLING,LA,26,130,130,221,221,196,198,265,270,160,162,230,230,222,222,265,265,231,234
58.6,106.4,SEEDLING,TRC,Y16,130,134,221,221,192,196,265,265,150,152,230,230,222,222,265,265,231,236
59,196,ADULT,LA,142,114,114,221,221,190,196,270,270,160,160,230,230,222,222,265,265,231,236
59.2,85.6,SEEDLING,TRC,y14,130,136,221,221,196,196,270,270,160,164,230,230,222,222,265,265,231,237
59.7,93.7,SEEDLING,LA,R97,130,130,221,221,190,194,265,270,164,164,230,230,222,222,265,265,236,237
59.7,122.53,SEEDLING,TRC,Y94,114,130,221,221,196,196,265,265,150,160,230,230,222,222,265,265,237,242
60.3,167.6,SEEDLING,RA,w49,114,130,219,221,196,196,265,265,160,160,228,230,222,222,265,265,231,237
61.2,70,SEEDLING,TRC,P79,130,130,221,221,196,196,265,265,152,152,230,230,222,222,265,267,234,237
61.4,11.5,ADULT,RA,1058,130,130,221,221,196,196,265,265,,,,,210,210,,,,
61.8,82.1,ADULT,RA,V5019,114,130,221,221,196,196,265,271,,,230,230,222,222,265,267,236,236
61.8,133.27,SEEDLING,TRC,T29,130,130,221,221,196,198,265,265,152,160,230,231,222,222,265,271,234,236
61.8,87.6,SEEDLING,TRC,Y76,114,114,221,221,196,196,265,265,150,160,230,230,222,222,265,265,231,236
61.9,119.8,ADULT,TRC,V5259,114,136,221,221,196,196,265,265,152,160,230,230,222,222,265,265,231,237
62,162.6,SEEDLING,RA,w60,114,136,221,221,196,196,265,265,150,150,228,230,222,222,265,265,231,231
62.3,105.01,SEEDLING,TRC,y21,114,130,221,221,190,196,265,265,148,152,231,232,222,222,265,265,236,236
62.5,160,SEEDLING,RA,W65,130,130,221,221,196,196,270,271,148,160,230,230,210,222,265,265,234,236
62.9,83.4,SEEDLING,LA,R51,114,136,221,221,190,196,265,265,160,160,230,230,222,223,265,265,231,237
63.1,20,ADULT,RA,1063,130,130,221,221,194,196,265,265,,,230,231,222,222,265,267,236,236
65,28.5,SEEDLING,RA,R12,130,130,221,221,194,194,265,265,152,160,230,231,210,222,265,265,231,236
65.8,50.9,SEEDLING,LA,r75,114,130,221,221,196,196,265,270,160,160,230,230,222,222,265,265,231,236
65.8,2.5,ADULT,RA,2012,130,130,221,221,196,207,265,265,152,152,230,230,210,222,265,271,231,240
66.3,69.6,SEEDLING,LA,r69,114,130,221,221,196,196,265,265,160,160,230,230,222,222,265,265,236,236
66.3,111.6,ADULT,TRC,V5109,114,130,221,221,196,196,265,265,156,156,228,230,222,222,265,265,236,237
67,170,SEEDLING,RA,W51,130,130,221,221,196,196,265,265,152,160,230,230,210,222,265,265,234,236
67,48,SEEDLING,RA,r71,114,130,221,221,192,196,265,265,160,160,230,230,222,222,265,265,231,237
67,16.5,ADULT,RA,1062,130,130,221,221,196,196,265,265,,,230,230,222,222,,,,
67.6,165.8,SEEDLING,RA,W61,130,136,221,221,196,196,265,270,152,152,230,230,210,222,265,265,236,236
68,168.5,SEEDLING,RA,W53,114,130,221,221,196,196,265,265,152,154,230,230,222,222,265,265,236,237
68.1,168.8,SEEDLING,RA,w54,114,114,221,221,190,196,270,270,160,160,230,231,222,222,265,265,237,237
68.4,107.9,SEEDLING,TRC,Y87,114,130,221,221,196,196,265,265,150,156,228,230,222,222,265,265,231,231
68.5,159,SEEDLING,RA,W70,130,130,221,221,194,196,265,265,148,152,230,230,222,222,265,265,231,231
69,153.5,SEEDLING,RA,w64,114,130,221,221,196,196,265,265,150,152,230,230,222,222,265,265,237,237
69.44,113.83,SEEDLING,LA,33,114,130,219,221,190,200,265,265,160,160,230,230,222,222,,,231,237
69.93,83.55,SEEDLING,TRC,P87,114,114,221,221,196,196,265,270,152,160,230,230,222,222,265,265,236,237
70.5,171.2,ADULT,RA,945,,,,,,,,,,,,,210,222,,,231,231
70.8,106.1,SEEDLING,TRC,Y27,114,130,221,221,196,196,265,265,152,164,230,230,222,222,265,265,231,237
71,31,SEEDLING,RA,R38,130,136,221,221,196,196,265,270,160,160,230,230,222,222,265,265,231,236
71.4,48,SEEDLING,LA,R2,130,136,221,221,190,198,265,265,152,164,230,230,222,222,265,265,231,236
71.49,33.78,SEEDLING,TRC,142,114,114,221,221,196,196,265,265,150,152,230,230,222,222,265,265,236,236
72.02,46.34,SEEDLING,TRC,144,130,130,221,221,196,198,265,271,148,160,230,230,210,222,265,271,236,242
72.1,44,SEEDLING,RA,R83,130,134,221,221,194,196,265,265,152,160,231,232,222,222,,,231,236
73,17.2,ADULT,LA,3117,130,136,221,221,196,196,270,270,,,230,230,222,222,265,265,231,237
73.69,46.25,SEEDLING,TRC,147,114,134,221,221,196,196,265,265,150,150,230,230,222,222,,,231,236
73.9,41.3,SEEDLING,RA,R59,114,130,221,221,196,196,265,265,152,154,230,230,210,222,265,271,231,236
74,34.4,SEEDLING,RA,r34,130,130,221,221,196,207,265,265,152,152,230,230,222,222,265,265,234,236
74,25.3,SEEDLING,RA,r31,130,130,221,221,190,198,265,265,160,160,230,230,222,222,265,265,234,234
74.02,33.76,SEEDLING,TRC,143,114,114,221,221,176,176,265,270,,,230,230,222,222,239,241,181,183
74.04,46.87,SEEDLING,TRC,145,114,114,221,221,196,196,265,265,152,164,228,230,222,222,265,265,236,237
74.3,26,SEEDLING,RA,R44,130,134,221,221,194,196,265,265,152,160,230,231,210,222,265,265,231,236
74.77,165.87,SEEDLING,LA,44R,114,114,221,221,196,196,265,270,160,162,230,230,222,222,265,265,236,236
74.8,27.7,SEEDLING,RA,R68,114,136,221,221,196,196,265,271,152,160,230,230,210,222,265,265,231,236
75,164,ADULT,LA,241,114,130,221,221,196,196,265,265,,,230,230,222,222,265,265,236,237
75.5,29.1,SEEDLING,RA,R61,130,130,221,221,196,196,265,265,152,160,227,230,210,222,265,271,236,236
75.5,45.46,SEEDLING,TRC,148,130,130,221,221,196,196,265,265,152,156,230,230,222,222,265,265,231,237
75.7,28.3,SEEDLING,RA,R74,130,136,221,221,196,198,265,270,150,152,230,230,210,210,265,265,231,236
75.8,25.3,SEEDLING,RA,R17,114,130,221,221,196,196,265,265,148,152,230,230,210,222,265,265,231,236
76.05,78.85,SEEDLING,LA,R82,114,130,221,221,196,196,265,270,,,230,230,222,222,265,279,236,237
76.5,174.7,SEEDLING,RA,W29,130,130,221,221,190,190,265,265,160,160,230,231,222,222,265,265,236,236
77.3,24.5,ADULT,LA,3147,114,136,219,221,196,196,265,274,152,160,230,230,222,222,265,265,236,237
77.45,95.15,SEEDLING,TRC,P69,114,130,221,221,196,196,265,270,150,152,230,230,222,222,265,265,231,237
77.7,60.1,SEEDLING,LA,R24,,,,,176,176,,,,,,,222,222,239,239,181,183
79,121.3,SEEDLING,TRC,Y86,114,130,221,221,190,196,265,265,152,152,228,230,222,222,,,231,237
79.3,41.1,SEEDLING,TRC,140,130,130,221,221,196,196,265,265,152,152,230,230,222,222,265,265,237,237
79.3,41.09,SEEDLING,TRC,139,114,130,221,221,196,196,265,265,152,152,230,231,222,222,265,271,236,236
80.16,172.73,SEEDLING,LA,3R,114,130,221,221,196,196,265,265,150,160,230,230,222,222,265,265,237,237
80.8,139.4,ADULT,LA,V8567,136,136,221,221,196,196,265,270,,,230,230,222,222,265,265,236,236
80.8,174.9,SEEDLING,RA,W30,130,130,221,221,196,196,265,265,152,152,230,230,222,222,265,265,236,236
81.5,153.7,SEEDLING,RA,W25,130,136,221,221,196,196,265,265,152,152,231,231,210,222,256,265,236,242
81.7,26.5,SEEDLING,RA,R7,130,130,221,221,196,196,265,265,148,152,230,231,210,222,265,265,231,231
82.6,125.3,ADULT,RA,478,130,130,221,221,196,196,265,271,,,230,230,222,222,,,236,236
83,168.2,SEEDLING,RA,W27,,,,,176,176,,,,,,,,,,,181,183
83.2,137.3,SEEDLING,TRC,T34,114,130,221,221,196,196,265,270,152,152,230,230,222,222,,,234,236
84.5,27,SEEDLING,RA,R5,130,134,221,221,194,196,265,265,160,160,230,230,210,222,265,271,231,236
84.9,70.3,SEEDLING,LA,R56,130,136,221,221,190,190,265,265,,,230,230,222,222,265,265,231,237
85,76.28,SEEDLING,LA,r91,130,136,221,221,196,196,265,270,,,228,230,222,222,265,279,231,237
85.07,126.83,SEEDLING,LA,13,114,114,221,221,196,196,265,270,160,160,230,230,222,222,267,279,236,237
85.15,136.6,SEEDLING,LA,15,130,130,221,221,190,196,270,270,150,162,230,230,222,222,265,265,231,236
85.9,136.2,SEEDLING,LA,14,136,136,221,221,196,196,265,270,160,160,230,230,222,222,265,265,231,236
86.5,62.75,SEEDLING,TRC,P14,114,114,221,221,190,196,265,265,150,152,230,230,222,222,265,265,231,231
86.52,166.56,SEEDLING,LA,50R,130,136,221,221,196,196,270,273,,,230,230,222,222,,,236,237
86.73,132.04,SEEDLING,TRC,T36,114,114,221,221,196,196,265,270,150,152,230,230,222,222,265,265,236,237
87,36.5,SEEDLING,RA,R06,130,130,221,221,196,196,265,265,152,154,227,230,222,222,265,271,236,236
87,28,SEEDLING,RA,R88,130,130,221,221,196,196,265,265,148,152,230,231,210,222,265,271,231,236
87.04,64.28,SEEDLING,TRC,p82,114,130,221,221,196,196,265,270,160,164,230,230,222,222,265,265,231,236
87.06,64.28,SEEDLING,TRC,p88,130,130,221,221,196,207,265,265,152,152,230,230,222,222,265,265,236,240
87.22,52.64,SEEDLING,TRC,137,114,130,221,221,192,196,265,265,,,228,230,222,222,265,265,231,234
87.5,62.1,SEEDLING,LA,r58,114,136,221,221,190,196,265,265,152,160,228,230,222,222,265,279,231,236
87.6,187.1,ADULT,RA,2250,130,130,221,221,196,207,265,265,148,148,230,230,210,222,265,265,234,236
87.85,171.47,SEEDLING,LA,115,130,130,221,221,194,196,265,265,,,230,230,222,222,265,265,231,236
89.41,168.68,SEEDLING,LA,119,114,134,221,221,196,196,265,265,,,,,,,,,,
89.56,49.45,SEEDLING,LA,22R,114,114,221,221,192,196,265,265,152,152,230,230,222,222,265,265,231,237
90.3,162.5,SEEDLING,LA,118,114,130,221,221,196,196,265,265,152,152,228,230,222,222,265,265,237,237
90.35,147.15,SEEDLING,TRC,T40,114,114,221,221,196,196,265,265,,,230,230,222,222,265,265,231,236
91,150,ADULT,LA,340,130,130,221,221,190,196,270,270,,,230,230,222,222,,,236,237
92,33,SEEDLING,RA,R23,114,130,221,221,196,196,265,271,152,152,227,230,210,210,265,271,231,236
92,25.67,SEEDLING,RA,R81,130,136,221,221,196,196,265,271,154,160,230,231,210,222,265,267,231,234
92.01,136.95,SEEDLING,LA,17,130,136,221,221,196,196,265,270,148,160,228,230,210,222,265,265,234,236
92.03,50.5,SEEDLING,TRC,P48,114,130,221,221,194,196,265,265,152,160,230,230,222,222,265,265,234,236
92.3,32.3,SEEDLING,RA,R21,114,130,221,221,196,196,271,271,152,152,230,230,210,210,265,267,236,236
92.4,32.8,SEEDLING,RA,R13,114,130,221,221,196,196,265,271,152,160,230,230,222,222,265,265,231,236
92.5,28.28,SEEDLING,LA,23R,130,136,221,221,196,198,265,270,160,160,230,230,222,222,265,265,236,237
92.82,168.9,SEEDLING,LA,49R,114,114,221,221,190,196,270,273,,,230,230,222,222,265,265,231,237
93.3,168.3,SEEDLING,RA,W44,130,130,221,221,196,196,265,265,152,154,230,231,210,210,265,271,236,236
93.34,28.66,SEEDLING,TRC,136,114,134,221,221,196,196,265,265,152,152,230,230,210,222,,,231,234
93.48,137.48,SEEDLING,LA,18,114,130,221,221,196,198,265,265,148,152,227,232,222,222,265,267,236,236
93.5,151,SEEDLING,RA,W35,114,130,221,221,196,196,265,265,152,152,230,230,210,222,265,265,231,236
93.9,151.6,SEEDLING,RA,W36,130,130,221,221,196,196,265,270,148,152,230,231,210,222,265,265,231,234
94,128,ADULT,LA,324,114,136,221,221,196,196,265,270,,,230,230,222,222,265,265,236,237
94,198,ADULT,LA,403,130,130,221,221,196,196,270,270,,,230,230,222,222,265,265,231,231
94.04,133.35,SEEDLING,LA,11,114,114,221,221,176,176,265,265,,,230,230,222,222,237,239,181,183
94.09,167.56,SEEDLING,LA,47R,114,114,221,221,196,196,265,265,160,160,228,230,222,222,265,265,231,236
94.51,166.29,SEEDLING,LA,48R,114,114,221,221,196,196,265,265,150,160,228,230,222,222,265,265,231,236
95,197,ADULT,LA,404,114,130,221,221,194,196,265,265,,,228,230,222,222,265,267,231,237
95,123.1,ADULT,RA,310,114,130,221,221,194,196,265,271,,,230,230,222,222,,,234,242
95.07,135.7,SEEDLING,LA,20,114,136,221,221,196,196,270,271,160,160,230,230,222,222,,,231,237
95.1,99.35,SEEDLING,TRC,P42,114,130,221,221,196,196,265,265,150,150,230,230,222,222,,,231,236
95.7,111.3,ADULT,RA,305,130,130,221,221,196,196,265,265,,,230,230,210,222,,,231,231
95.89,172.5,SEEDLING,LA,46R,114,136,219,221,190,196,265,265,160,160,230,230,222,222,265,279,231,231
96.09,156.41,SEEDLING,LA,123,114,114,219,221,196,196,265,265,160,160,230,230,222,222,265,279,231,231
96.62,141.24,SEEDLING,LA,21,114,136,221,221,190,196,265,270,160,164,230,230,222,222,265,265,231,237
96.98,29.4,SEEDLING,LA,71,,,221,221,176,176,,,,,,,222,222,239,241,183,183
97.42,33.02,SEEDLING,LA,73,130,130,219,221,196,196,265,273,160,160,230,230,222,222,265,265,231,237
97.61,25.79,SEEDLING,LA,70,114,130,221,221,196,196,265,270,160,164,230,230,222,222,265,265,237,237
98,162.5,SEEDLING,RA,W41,130,130,221,221,194,196,265,265,152,152,230,230,222,222,265,265,234,236
99,159.8,SEEDLING,RA,W39,130,136,221,221,190,196,271,271,152,152,230,231,210,222,265,265,236,236
99.15,136.64,SEEDLING,LA,10,114,130,219,221,196,198,265,265,160,160,230,230,222,222,265,265,234,236
99.25,85.85,SEEDLING,LA,R37,114,114,221,221,194,196,265,270,160,160,230,230,222,222,265,265,231,236
100.1,40.5,SEEDLING,RA,R47,130,130,221,221,190,196,265,265,152,152,230,231,222,222,265,265,231,236
100.15,156.5,SEEDLING,RA,o13,114,136,221,221,196,196,265,265,160,160,230,230,222,222,265,265,231,237
100.51,146.8,SEEDLING,LA,23,114,136,219,221,196,198,265,270,162,162,230,230,222,222,265,265,231,231
100.9,101.31,SEEDLING,LA,37,114,130,221,221,192,196,265,265,152,160,228,230,222,222,265,265,231,237
100.98,73.1,SEEDLING,LA,r30,130,136,221,221,196,196,265,274,160,160,230,230,222,222,265,265,231,231
101.2,195,ADULT,TRC,2079,130,136,221,221,194,194,265,265,,,230,230,222,222,,,236,236
101.5,60.45,SEEDLING,LA,R53,114,130,219,221,190,196,265,270,150,150,230,230,222,222,,,231,231
101.4,60.45,SEEDLING,LA,R54,114,130,221,221,196,196,270,273,160,164,230,230,222,222,265,265,231,236
102.07,72.8,SEEDLING,TRC,P97,130,130,221,221,196,196,265,265,152,160,228,230,222,222,265,265,231,236
102.4,134.6,SEEDLING,TRC,T47,130,136,221,221,190,194,265,270,152,160,230,230,222,222,265,265,236,237
102.75,173.8,SEEDLING,LA,52R,114,130,221,221,190,196,265,270,152,160,230,230,222,222,265,265,231,231
103,116.1,ADULT,TRC,V6005,114,130,221,221,196,196,265,265,150,150,230,230,222,222,265,265,236,236
103.4,78.1,SEEDLING,TRC,P44,114,130,221,221,196,196,265,270,,,230,230,222,222,265,265,234,236
103.7,164.5,SEEDLING,RA,W04,130,130,221,221,196,196,265,271,160,160,227,232,222,222,265,271,236,236
103.78,165.96,SEEDLING,TRC,67,130,136,221,221,198,207,265,271,152,160,230,230,222,222,265,267,234,236
104.1,157.9,SEEDLING,RA,W01,130,130,221,221,196,196,265,265,160,160,230,231,222,222,265,265,234,236
104.3,152.7,ADULT,RA,900,130,136,221,221,196,196,265,265,,,,,222,222,,,,
104.4,91.7,ADULT,RA,V4437,130,130,221,221,196,196,265,265,,,230,230,222,222,,,236,240
104.5,167.2,SEEDLING,RA,w07,114,130,221,221,190,196,265,265,150,160,230,230,222,222,265,265,234,237
104.7,118.52,SEEDLING,LA,16R,114,130,221,221,194,196,265,270,,,230,230,222,222,,,231,236
105,169,SEEDLING,RA,W08,130,130,221,221,196,198,265,271,152,160,230,230,210,222,265,265,231,236
105,161.4,SEEDLING,RA,w02,114,136,221,221,190,196,265,270,152,160,230,230,222,222,265,279,231,237
105,171,SEEDLING,RA,W09,114,136,221,221,196,196,265,271,148,152,228,230,222,222,265,265,234,242
106.2,75.2,SEEDLING,TRC,p71,114,130,221,221,194,198,265,265,160,162,230,230,222,222,265,265,234,237
106.42,143.86,SEEDLING,TRC,T45,114,114,221,221,196,196,265,265,150,152,230,230,222,222,,,236,236
106.58,31.53,SEEDLING,LA,65,130,130,221,221,194,198,265,270,160,164,230,230,222,222,265,267,236,236
106.66,167.07,SEEDLING,LA,54R,114,130,221,221,196,196,265,270,162,164,230,230,222,222,265,267,236,237
106.87,172.34,SEEDLING,LA,53R,130,130,221,221,196,196,270,270,160,162,230,230,222,222,265,265,231,231
106.96,142.4,SEEDLING,LA,8,130,130,221,221,194,196,265,270,162,162,230,230,222,222,,,236,237
109.94,185.8,ADULT,TRC,3285,114,136,221,221,196,196,265,265,150,152,230,230,222,222,265,265,231,242
110,13,ADULT,LA,3173,130,130,,,196,196,,,,,230,230,222,222,,,236,237
110,43,SEEDLING,RA,R66,114,130,221,221,196,196,265,271,,,230,230,210,210,267,267,236,236
110,44,SEEDLING,RA,o26,114,130,221,221,196,196,265,270,160,160,230,230,222,222,265,265,231,236
111.88,27.24,SEEDLING,LA,64,,,,,176,176,,,,,,,,,241,241,181,183
112.27,155.92,SEEDLING,LA,7,114,114,221,221,196,196,265,270,150,160,230,230,222,222,265,265,234,236
112.28,167.47,SEEDLING,LA,55R,114,136,221,221,196,196,270,274,160,160,230,230,222,222,265,265,236,236
112.63,219.2,ADULT,TRC,T24,114,130,221,221,196,196,265,265,,,230,230,222,222,265,265,237,237
113.46,30.3,SEEDLING,LA,67,114,130,221,221,194,196,265,265,162,162,230,230,222,222,265,265,236,237
114,195,ADULT,LA,558,130,130,221,221,,,,,,,,,,,,,,
115,193,ADULT,LA,556,130,136,221,221,196,198,265,270,,,228,230,222,222,265,265,231,237
115.13,171.46,SEEDLING,TRC,50E,130,136,221,221,196,196,265,265,,,231,232,222,222,265,265,234,236
116.35,65,SEEDLING,TRC,P52,114,134,221,221,196,196,265,265,152,152,230,230,222,222,265,265,231,237
116.42,25.97,SEEDLING,LA,66,114,130,221,221,196,196,265,270,160,160,230,230,222,222,265,265,231,231
116.5,59.8,SEEDLING,LA,R11,114,136,221,221,196,198,265,270,162,162,230,230,222,222,265,265,231,231
117.25,77.22,SEEDLING,RA,OY26,130,130,221,221,196,198,265,270,148,148,230,230,210,210,265,265,236,242
117.4,131.43,SEEDLING,TRC,T60,130,136,221,221,196,196,265,265,152,160,230,230,222,222,265,265,236,237
117.75,175.98,SEEDLING,TRC,49E,130,130,221,221,196,196,265,265,150,152,228,230,222,222,265,265,231,237
117.82,29.51,SEEDLING,LA,20R,130,130,221,221,190,196,265,265,160,164,230,230,222,222,265,279,231,237
118,133,ADULT,TRC,461,130,130,221,221,196,196,265,265,,,230,230,210,222,265,265,231,236
118.7,136.8,SEEDLING,TRC,T53,114,114,221,221,196,198,265,270,152,152,228,230,222,222,265,265,234,236
118.8,136.8,SEEDLING,TRC,T52,130,130,221,221,196,196,265,265,150,152,230,230,222,222,265,265,234,236
120,187,ADULT,LA,4131,136,136,221,221,190,196,265,265,160,160,230,230,222,222,265,265,231,231
120.4,81.7,SEEDLING,TRC,P43,114,114,221,221,196,196,265,265,152,152,230,230,222,222,265,265,237,237
120.9,78.7,SEEDLING,TRC,p72,130,130,221,221,196,196,265,265,152,152,230,230,222,222,265,265,237,237
121.3,155,SEEDLING,RA,W17,114,130,221,221,196,196,265,271,150,160,230,230,222,222,265,267,236,236
123.2,59.2,SEEDLING,LA,R76,130,136,221,221,196,196,265,265,150,152,228,230,222,222,265,265,231,236
123.5,156,SEEDLING,RA,W18,130,130,221,221,196,198,265,265,,,230,230,222,222,265,265,231,234
124,50,SEEDLING,RA,O82,130,130,221,221,194,196,265,265,,,230,230,222,222,265,265,236,236
124,155.4,SEEDLING,RA,W16,130,130,221,221,196,198,265,265,152,164,230,230,210,222,265,265,234,240
124.05,60.92,SEEDLING,LA,R93,114,136,221,221,196,198,265,270,160,160,230,230,222,222,,,236,237
124.5,119,ADULT,LA,433,114,114,221,221,194,196,265,270,,,230,230,222,222,265,265,236,236
124.7,150.1,SEEDLING,RA,W20,130,130,221,221,196,207,265,271,152,152,230,230,210,222,265,265,236,236
125.3,150,SEEDLING,RA,O18,130,136,221,221,196,196,265,270,148,152,230,230,222,222,265,265,231,236
125.6,161.7,SEEDLING,RA,O35,130,136,221,221,196,207,265,265,160,160,230,230,210,222,,,236,236
125.75,136.83,SEEDLING,TRC,T57,130,130,221,221,196,196,265,265,152,156,230,230,222,222,265,265,231,236
126.5,39.3,SEEDLING,RA,O98,130,136,221,221,196,207,265,265,152,152,227,230,210,222,265,267,236,236
126.6,123.15,ADULT,LA,V6805,114,136,221,221,190,196,270,273,160,164,228,230,222,222,265,265,231,231
127,93.2,ADULT,TRC,146,114,114,221,221,196,196,265,265,150,160,228,230,222,222,265,265,231,237
127.2,62.6,SEEDLING,LA,R96,130,130,221,221,196,198,265,270,162,162,230,230,222,222,265,265,236,237
128.9,109.32,SEEDLING,TRC,y59,130,136,221,221,196,196,265,265,160,162,230,230,222,222,265,265,236,236
128.9,109.52,SEEDLING,TRC,Y95,114,114,221,221,196,196,265,265,160,160,228,230,222,222,265,265,237,237
129.01,118.25,SEEDLING,LA,40,114,130,221,221,196,196,265,265,150,160,230,230,222,222,265,265,231,231
129.6,144.6,SEEDLING,TRC,T72,114,130,221,221,196,196,265,270,152,160,228,230,222,222,265,265,234,242
131.6,114.8,SEEDLING,TRC,Y1,114,130,221,221,196,196,265,270,152,160,228,230,222,222,265,265,231,237
132.1,101.1,SEEDLING,TRC,Y26,130,130,221,221,194,196,265,265,,,228,230,222,222,,,236,237
132.35,134.34,SEEDLING,TRC,T64,114,114,221,221,196,196,265,265,152,160,230,230,222,222,265,265,231,236
133,173.8,SEEDLING,RA,O10,130,130,221,221,196,196,265,265,152,152,227,230,222,222,,,231,236
133.15,58.25,SEEDLING,RA,T4,130,130,221,221,196,196,265,265,148,160,230,230,222,222,265,265,231,234
133.2,41,ADULT,LA,2209,136,136,221,221,196,196,271,271,,,230,230,222,222,265,265,236,237
133.2,170,SEEDLING,RA,O4,130,130,221,221,196,198,265,265,164,164,230,230,222,222,,,234,240
133.5,67.5,SEEDLING,LA,R58,114,130,221,221,196,196,265,265,160,164,230,230,222,222,265,265,236,237
134,173.5,ADULT,LA,646,114,130,221,221,196,198,265,270,,,230,230,222,222,265,265,236,237
134.4,122.4,SEEDLING,TRC,y61,114,130,221,221,190,196,265,265,152,164,230,230,222,222,265,265,234,237
134.5,177,ADULT,RA,2264,130,130,,,196,196,265,265,,,,,222,222,,,236,236
134.85,50.8,SEEDLING,LA,R94,136,136,221,221,190,196,265,273,160,164,230,230,222,222,265,265,231,237
135.25,109.62,SEEDLING,TRC,Y9,114,130,221,221,196,196,265,265,152,164,230,230,222,222,265,265,231,236
135.3,135.2,SEEDLING,TRC,T67,114,130,221,221,192,194,265,270,150,164,230,230,222,222,265,265,234,236
135.6,78.6,SEEDLING,LA,r99,114,130,221,221,190,198,265,265,,,230,230,222,222,265,265,236,237
135.6,181.3,ADULT,RA,1451,130,130,221,221,196,196,265,270,152,152,230,231,222,222,265,267,231,236
136.7,164,SEEDLING,RA,O48,114,136,221,221,196,196,265,265,160,160,228,230,222,222,265,267,231,234
136.9,134,SEEDLING,TRC,T63,130,130,221,221,196,196,265,265,152,156,228,230,222,222,265,265,231,236
137.07,103.45,SEEDLING,TRC,Y17,130,130,221,221,196,196,265,265,152,160,230,230,222,222,265,265,231,237
137.3,27,ADULT,RA,624,114,130,221,221,194,196,265,265,,,231,231,222,222,265,271,231,236
137.58,102.26,SEEDLING,TRC,Y84,114,136,221,221,196,196,265,265,160,160,230,230,222,222,265,265,236,237
138,130.5,ADULT,LA,591,114,114,221,221,190,194,270,270,160,160,230,230,222,222,265,265,231,236
138.5,104.7,SEEDLING,TRC,Y49,130,130,221,221,196,196,265,270,,,230,230,222,222,265,265,237,237
138.98,136.15,SEEDLING,LA,3,114,114,221,221,194,198,270,270,160,160,230,230,222,222,265,265,236,236
139.24,172.29,SEEDLING,LA,56R,130,136,221,221,194,196,270,270,152,160,230,231,222,222,265,265,236,237
139.6,170.7,SEEDLING,LA,57R,114,130,221,221,196,196,265,270,160,162,230,230,222,222,265,265,231,231
140.15,141.47,SEEDLING,LA,1,114,114,221,221,194,196,265,270,152,152,230,230,222,222,,,231,231
140.46,33.19,SEEDLING,LA,61,114,136,221,221,190,196,265,265,160,162,230,230,222,222,265,265,231,231
140.46,35.75,SEEDLING,TRC,127,114,114,221,221,196,196,265,265,150,150,230,230,222,222,265,265,236,237
141.04,168.19,SEEDLING,LA,59R,130,130,221,221,190,196,270,270,150,152,230,230,222,222,265,265,231,236
141.32,136.8,SEEDLING,LA,2,130,134,221,221,190,194,265,265,160,160,227,232,210,210,271,271,231,236
142,118.26,SEEDLING,TRC,Y91,130,130,221,221,196,196,265,265,,,230,230,222,222,265,265,237,237
142.5,129,ADULT,LA,598,114,130,221,221,196,196,265,270,,,230,230,222,222,265,265,236,236
142.5,32.6,SEEDLING,RA,o9,,,221,221,176,176,265,265,,,230,230,222,222,239,241,181,183
142.55,105.51,SEEDLING,TRC,y2 ,130,130,221,221,196,196,265,271,148,152,227,231,210,210,265,267,231,236
142.67,128.9,SEEDLING,LA,4,114,114,221,221,196,196,265,270,162,164,230,230,222,222,265,265,236,236
143,152,SEEDLING,RA,O68,130,130,221,221,196,196,265,271,152,154,230,230,210,210,,,234,242
143.1,105.41,SEEDLING,TRC,Y34,130,130,221,221,196,196,265,265,150,164,230,230,222,222,265,265,237,237
143.4,82.78,SEEDLING,TRC,p59,114,114,219,221,196,198,265,270,160,160,230,230,222,222,265,265,231,231
143.57,25.39,SEEDLING,LA,60,130,130,221,221,190,196,265,270,160,162,228,230,222,222,265,279,236,236
143.9,104.4,SEEDLING,TRC,Y71,114,130,221,221,194,196,265,265,,,228,230,222,222,265,265,236,237
144,189,ADULT,LA,4133,130,136,221,221,196,196,265,265,,,228,230,222,222,265,265,237,237
144,162.8,SEEDLING,RA,o90,114,130,221,221,196,196,265,265,152,152,228,230,222,222,265,265,231,237
144.5,189.5,ADULT,TRC,3221,114,130,221,221,196,196,265,265,,,228,230,222,222,265,265,231,231
144.65,114.95,SEEDLING,TRC,y8,130,130,221,221,190,196,265,271,148,160,230,230,222,222,265,265,236,236
144.65,114.75,SEEDLING,TRC,Y47,114,130,221,221,196,196,265,265,160,164,228,230,222,222,265,265,237,237
146,157.4,SEEDLING,RA,O59,130,130,221,221,196,207,265,265,,,230,230,210,222,265,271,234,236
146.1,102.1,SEEDLING,TRC,Y82,114,130,221,221,196,196,265,265,152,152,228,230,222,222,,,236,236
146.9,62.8,SEEDLING,LA,R78,130,136,219,221,196,196,265,270,160,160,230,230,222,222,265,265,237,237
148.8,162.2,ADULT,RA,861,130,130,221,221,196,196,271,271,154,154,,,222,222,265,265,236,236
149.5,132.8,ADULT,LA,604,114,114,221,221,196,198,265,265,160,160,230,230,222,222,265,279,231,231
149.6,58.6,SEEDLING,TRC,P21,114,130,221,221,196,196,265,265,150,160,230,230,222,222,,,236,237
150.11,107.46,SEEDLING,TRC,89,130,130,221,221,196,196,265,265,152,160,230,230,222,222,265,265,231,231
150.18,111.21,SEEDLING,LA,45,114,130,221,221,194,196,265,270,162,162,230,230,222,222,,,231,236
150.71,62.22,SEEDLING,TRC,103,114,114,221,221,196,196,265,265,160,160,230,230,222,222,265,265,236,236
151,65,SEEDLING,RA,O47,114,130,221,221,196,196,265,265,148,152,230,230,222,222,265,267,236,242
151.2,110.35,SEEDLING,LA,46,130,130,221,221,190,198,265,265,160,162,230,230,222,222,265,265,234,236
151.2,75.42,SEEDLING,TRC,P54,114,130,221,221,196,196,265,265,152,160,230,230,222,222,265,265,231,236
151.39,25.17,SEEDLING,LA,58,130,130,221,221,190,196,265,270,150,150,230,230,222,222,,,231,237
151.43,135.47,SEEDLING,LA,42,114,114,219,219,190,196,265,270,160,160,230,230,222,222,265,265,231,236
152,144.5,SEEDLING,RA,O93,130,130,221,221,196,196,271,273,152,160,230,231,222,222,265,265,234,234
152.38,124.96,SEEDLING,TRC,86,130,130,221,221,190,196,265,265,150,152,230,230,222,222,265,265,231,231
152.5,80,SEEDLING,RA,O14,130,130,221,221,196,196,265,265,148,154,230,230,210,210,265,265,242,242
153,152.4,SEEDLING,RA,O30,130,130,221,221,196,198,265,265,,,230,230,222,222,265,271,234,234
153,157,SEEDLING,RA,O8,136,136,221,221,196,196,265,265,152,152,230,230,222,222,265,267,231,234
153,37.5,SEEDLING,RA,O27,130,130,221,221,190,207,265,271,154,160,227,230,210,222,265,271,236,236
153,59,SEEDLING,RA,O61,130,136,221,221,196,196,265,265,152,154,230,231,210,222,265,265,231,236
153.1,188.35,SEEDLING,TRC,P76,114,130,221,221,192,196,265,265,150,160,230,230,222,222,265,265,231,237
153.1,194.8,ADULT,TRC,3193,114,130,221,221,196,196,265,265,,,230,230,222,222,265,265,231,231
153.6,29,SEEDLING,RA,O11,,,,,,,,,,,,,,,237,239,181,183
154.1,69.05,ADULT,LA,2303,114,130,219,221,196,196,265,265,160,160,230,230,222,222,265,265,231,237
154.2,157,SEEDLING,RA,O62,130,130,221,221,190,207,265,265,,,230,231,210,222,265,267,234,236
154.38,76.25,SEEDLING,LA,56,114,130,221,221,190,190,265,270,152,164,230,230,222,222,265,265,236,237
154.6,173,SEEDLING,RA,O28,130,136,221,221,198,207,265,265,,,230,230,210,222,265,265,236,236
154.67,110.62,SEEDLING,LA,44,130,136,221,221,196,196,265,265,152,160,230,230,222,222,265,265,231,236
154.83,157.47,ADULT,LA,128,114,136,221,221,196,196,265,265,,,228,230,222,222,,,231,237
154.88,88.05,SEEDLING,LA,48,130,136,221,221,190,196,265,270,162,164,230,230,222,222,265,265,231,236
154.95,166.67,SEEDLING,LA,60R,130,136,221,221,196,196,265,265,152,152,230,230,222,222,265,271,231,236
155,167,SEEDLING,RA,O21,130,130,221,221,196,207,265,270,152,160,230,230,210,210,,,231,236
155.53,67.12,SEEDLING,LA,54,130,136,219,221,196,196,265,270,160,162,230,230,222,222,265,265,236,237
155.7,27.3,ADULT,TRC,754,114,114,221,221,196,196,265,265,,,230,230,222,222,265,265,231,234
156.94,123.82,SEEDLING,TRC,87,114,134,221,221,196,196,265,265,160,160,230,230,222,222,265,265,231,236
157,170,SEEDLING,RA,O51,130,130,221,221,196,207,265,265,152,152,230,230,210,222,,,234,236
157.55,91.1,SEEDLING,LA,R72,114,136,221,221,190,196,265,270,160,164,230,230,222,222,265,265,231,234
158.12,125.26,SEEDLING,LA,43,114,130,221,221,196,196,265,265,160,160,230,230,222,222,265,265,236,236
158.5,81,SEEDLING,RA,O79,130,130,221,221,196,196,265,271,152,160,230,231,210,222,265,267,231,236
158.5,197.5,ADULT,TRC,2088,114,130,221,221,196,196,265,265,152,152,230,230,222,222,265,265,231,237
158.62,135.12,SEEDLING,TRC,84,114,130,221,221,196,196,265,270,152,160,228,230,222,222,265,265,231,236
159,150.8,SEEDLING,RA,O95,130,130,221,221,196,196,265,270,152,152,230,231,222,222,,,231,237
159,136.07,SEEDLING,TRC,82,130,130,221,221,194,196,265,265,150,160,230,230,222,222,265,265,231,236
159.5,167.5,ADULT,RA,848,,,,,,,,,,,230,230,222,222,265,265,,
159.7,28.5,SEEDLING,RA,O89,130,130,221,221,196,196,265,265,152,160,227,231,222,222,265,265,236,236
160.15,137,ADULT,TRC,904,114,130,221,221,196,196,265,265,160,160,228,230,222,222,265,265,231,237
161,119,SEEDLING,RA,O20,114,130,221,221,190,198,265,270,152,160,228,230,222,222,265,265,231,231
161.35,156.14,SEEDLING,TRC,78,114,130,221,221,196,196,265,265,150,152,228,230,222,222,265,265,231,237
161.5,140,SEEDLING,RA,O5,114,136,221,221,196,196,265,270,152,160,231,232,222,222,265,265,236,236
162,195.9,ADULT,LA,3296,114,114,221,221,198,198,265,265,,,230,230,222,222,265,265,236,236
162.3,82.9,SEEDLING,LA,R10,130,136,221,221,190,198,265,270,160,162,230,230,222,222,265,265,231,237
162.38,30.96,SEEDLING,LA,12R,114,130,221,221,190,196,265,270,160,160,230,230,222,222,265,265,231,236
162.5,59.8,ADULT,LA,3935,136,136,221,221,196,196,265,271,,,228,230,222,222,265,265,236,236
162.5,74,SEEDLING,RA,O73,130,130,221,221,196,196,265,265,152,152,230,231,210,222,265,265,236,236
163,96,SEEDLING,RA,O2,130,130,221,221,196,207,265,265,152,152,230,230,222,222,265,265,236,236
163.67,115.52,SEEDLING,TRC,92,114,114,221,221,196,196,265,265,152,164,230,230,222,222,265,265,237,237
163.7,171.5,ADULT,TRC,971,114,130,221,221,194,196,265,270,,,230,230,222,222,265,265,231,236
164.4,150.1,SEEDLING,TRC,79,114,130,221,221,196,196,265,265,,,228,230,222,222,,,231,237
164.73,62.05,SEEDLING,LA,04R,134,136,221,221,190,196,265,265,160,160,230,230,222,222,265,265,231,231
165.32,96.54,SEEDLING,TRC,96,114,114,221,221,196,196,265,270,150,152,230,230,222,222,265,265,231,231
165.55,94.13,SEEDLING,TRC,95,114,114,221,221,196,198,265,265,150,160,230,230,222,222,265,265,236,237
166.88,36.85,SEEDLING,LA,11R,114,130,221,221,196,196,265,270,,,230,230,222,222,265,265,236,237
167.8,24.5,ADULT,LA,2770,130,136,221,221,190,190,265,265,,,230,230,222,222,265,265,231,237
169,148.5,SEEDLING,RA,O49,130,130,221,221,196,207,265,271,148,152,230,230,222,222,265,267,231,234
169.4,195.1,ADULT,LA,3293,114,136,221,221,190,196,265,265,160,164,230,230,222,222,265,265,236,236
169.5,194,ADULT,LA,3292,114,114,221,221,196,196,265,265,,,230,230,222,222,265,265,236,237
170,149,SEEDLING,RA,o46,130,136,221,221,196,196,265,265,152,160,230,230,210,222,265,265,231,234
171.6,134.5,SEEDLING,RA,O84,114,130,221,221,196,196,265,265,150,164,228,230,222,222,265,265,231,231
171.8,60.6,SEEDLING,LA,6R,114,134,221,221,196,196,265,265,160,160,230,230,222,222,265,265,231,236
172,109,SEEDLING,RA,O83,114,114,,,176,176,,,,,228,230,222,222,237,239,180,181
172,154.3,ADULT,TRC,953,,,,,,,265,265,,,,,,,,,,
173,133,SEEDLING,RA,O39,130,136,221,221,196,196,265,265,148,152,230,230,222,222,265,265,231,236
173.5,137,SEEDLING,RA,o31,114,114,221,221,196,196,265,265,152,160,228,230,222,222,265,265,236,237
173.66,58.9,SEEDLING,TRC,69E,130,130,221,221,196,196,265,265,152,152,228,230,222,222,,,237,240
174,98.5,SEEDLING,RA,O25,130,136,221,221,196,198,265,265,152,160,230,231,210,222,265,265,234,236
174,146,SEEDLING,RA,o67,114,136,221,221,196,196,265,265,152,152,230,230,222,222,265,265,231,237
174,120.5,SEEDLING,RA,o96,114,130,221,221,196,196,265,265,152,152,230,230,222,222,265,265,237,237
174.69,64.96,SEEDLING,TRC,64E,114,130,221,221,190,196,265,265,152,164,230,230,222,222,265,265,234,236
174.7,148,SEEDLING,RA,o29,130,136,221,221,196,196,270,271,152,160,228,230,222,222,265,265,234,236
175.06,47.13,SEEDLING,TRC,120,114,114,221,221,196,196,265,265,152,160,230,230,222,222,265,265,231,231
175.8,152.33,SEEDLING,TRC,52E,114,134,221,221,196,196,265,270,152,152,230,230,222,222,265,265,231,236
176.4,173.5,ADULT,LA,3214,114,136,221,221,196,196,265,270,160,162,228,230,222,222,265,265,236,236
176.78,67.48,SEEDLING,LA,07R,114,114,221,221,196,196,265,270,160,162,230,230,222,222,265,265,231,237
178.02,59.79,SEEDLING,TRC,65E,,,,,,,,,152,160,230,230,222,222,265,265,231,240
178.17,43.44,SEEDLING,LA,10R,114,130,221,221,176,176,265,265,,,230,230,222,222,237,239,181,183
184.9,198.7,ADULT,TRC,3165,130,136,221,221,196,196,265,265,,,230,230,222,222,265,265,231,231
185.75,94.88,SEEDLING,LA,05R,114,130,221,221,196,196,265,270,150,152,230,230,222,222,265,265,231,237
193.35,176.25,ADULT,TRC,T21,114,130,221,221,196,196,265,265,,,230,230,222,222,265,265,231,237
193.5,54,ADULT,LA,2822,114,130,221,221,196,198,265,270,160,160,228,230,222,222,265,265,231,236
202,189.9,ADULT,TRC,T23,114,114,221,221,196,196,265,265,,,230,230,222,222,265,265,231,237
,,ADULT,RA,T7,136,136,221,221,196,196,265,265,,,230,230,222,222,,,236,236
,,ADULT,RA,T1,114,130,221,221,196,196,265,265,,,231,231,222,222,265,265,231,236
